<annotation>
	<folder>images</folder>
	<filename>IMG_20230306_154425 resized.jpg</filename>
	<path>C:\Users\Ramandeep\Pictures\images\IMG_20230306_154425 resized.jpg</path>
	<source>
		<database>Unknown</database>
	</source>
	<size>
		<width>300</width>
		<height>300</height>
		<depth>3</depth>
	</size>
	<segmented>0</segmented>
	<object>
		<name>Not Okay</name>
		<pose>Unspecified</pose>
		<truncated>0</truncated>
		<difficult>0</difficult>
		<bndbox>
			<xmin>185</xmin>
			<ymin>110</ymin>
			<xmax>252</xmax>
			<ymax>193</ymax>
		</bndbox>
	</object>
</annotation>
